# MCU Time(ns), ADC reading
5927915679940.000000,352.000000
5927916748057.000000,832.000000
5927917785655.000000,1424.000000
5927918792736.000000,2144.000000
5927919830334.000000,2784.000000
5927920837415.000000,3456.000000
5927921875000.000000,4032.000000
5927922882080.000000,4753.000000
5927923919679.000000,5249.000000
5927924926759.000000,5585.000000
5927925964358.000000,6401.000000
5927926971438.000000,6977.000000
5927927978519.000000,7665.000000
5927929016117.000000,8129.000000
5927930023198.000000,8546.000000
5927931030278.000000,8914.000000
5927932067877.000000,9714.000000
5927933074957.000000,10114.000000
5927934112556.000000,10530.000000
5927935119636.000000,11346.000000
5927936126717.000000,11810.000000
5927937164315.000000,12130.000000
5927938171396.000000,12579.000000
5927939178476.000000,13379.000000
5927940216075.000000,13811.000000
5927941223155.000000,14067.000000
5927942260754.000000,14659.000000
5927943267834.000000,15123.000000
5927944274915.000000,15555.000000
5927945312500.000000,15987.000000
5927946350098.000000,16468.000000
5927947357179.000000,17124.000000
5927948364259.000000,17188.000000
5927949401858.000000,17812.000000
5927950408938.000000,18468.000000
5927951416019.000000,18676.000000
5927952453617.000000,19220.000000
5927953460698.000000,19844.000000
5927954498296.000000,20196.000000
5927955505377.000000,20517.000000
5927956512457.000000,21141.000000
5927957550056.000000,21205.000000
5927958557136.000000,21717.000000
5927959564217.000000,22181.000000
5927960601815.000000,22581.000000
5927961608896.000000,23189.000000
5927962615976.000000,23445.000000
5927963653575.000000,23621.000000
5927964660655.000000,24261.000000
5927965698254.000000,24758.000000
5927966705334.000000,24854.000000
5927967712415.000000,25462.000000
5927968750000.000000,25830.000000
5927969787598.000000,26134.000000
5927970794679.000000,26374.000000
5927971801759.000000,26854.000000
5927972839358.000000,27398.000000
5927973846438.000000,27686.000000
5927974884037.000000,27878.000000
5927975891117.000000,28358.000000
5927976898198.000000,28743.000000
5927977935796.000000,28871.000000
5927978942877.000000,29351.000000
5927979949957.000000,29479.000000
5927980987556.000000,30135.000000
5927981994636.000000,30135.000000
5927983001717.000000,30647.000000
5927984039315.000000,30791.000000
5927985046396.000000,31207.000000
5927986083994.000000,31559.000000
5927987091075.000000,31687.000000
5927988098155.000000,32167.000000
5927989135754.000000,32535.000000
5927990142834.000000,32711.000000
5927991149915.000000,33240.000000
5927992187500.000000,33368.000000
5927993225098.000000,33928.000000
5927994232179.000000,33896.000000
5927995239259.000000,34216.000000
5927996276858.000000,34744.000000
5927997283938.000000,34888.000000
5927998291019.000000,35416.000000
5927999328617.000000,35400.000000
5928000762950.000000,35672.000000
5928001800548.000000,36104.000000
5928002807629.000000,36504.000000
5928003845227.000000,36648.000000
5928004882812.000000,36824.000000
5928005889893.000000,36921.000000
5928006896973.000000,37529.000000
5928007934572.000000,37801.000000
5928008941652.000000,37769.000000
5928009948733.000000,38025.000000
5928010986331.000000,38233.000000
5928011993412.000000,38553.000000
5928013031010.000000,38825.000000
5928014038091.000000,39225.000000
5928015045171.000000,39289.000000
5928016052252.000000,39593.000000
5928017089850.000000,40025.000000
5928018096931.000000,40329.000000
5928019104011.000000,40233.000000
5928020141610.000000,40601.000000
5928021148690.000000,40697.000000
5928022186289.000000,41178.000000
5928023193369.000000,41274.000000
5928024200450.000000,41434.000000
5928025238048.000000,41802.000000
5928026245129.000000,42074.000000
5928027252209.000000,42090.000000
5928028289808.000000,42394.000000
5928029327393.000000,42570.000000
5928030334473.000000,42874.000000
5928031341554.000000,43178.000000
5928032379152.000000,43258.000000
5928033386233.000000,43418.000000
5928034423831.000000,43818.000000
5928035430912.000000,43754.000000
5928036437992.000000,44058.000000
5928037475591.000000,44090.000000
5928038482671.000000,44570.000000
5928039489752.000000,44650.000000
5928040527350.000000,45018.000000
5928041534431.000000,45163.000000
5928042541511.000000,45083.000000
5928043579110.000000,45531.000000
5928044586190.000000,45723.000000
5928045593271.000000,45707.000000
5928046630869.000000,45883.000000
5928047637950.000000,46011.000000
5928048675548.000000,46411.000000
5928049682629.000000,46379.000000
5928050689709.000000,46587.000000
5928051727308.000000,46923.000000
5928052734375.000000,46859.000000
5928053771973.000000,47243.000000
5928054779054.000000,47419.000000
5928055786134.000000,47483.000000
5928056823733.000000,47755.000000
5928057830813.000000,47931.000000
5928058868412.000000,47947.000000
5928059875492.000000,48299.000000
5928060882573.000000,48251.000000
5928061920171.000000,48619.000000
5928062927252.000000,48811.000000
5928063934332.000000,48811.000000
5928064941413.000000,48843.000000
5928065979011.000000,48939.000000
5928066986092.000000,49372.000000
5928068023690.000000,49356.000000
5928069030771.000000,49548.000000
5928070037851.000000,49468.000000
5928071075450.000000,49820.000000
5928072082530.000000,50140.000000
5928073089611.000000,49948.000000
5928074127209.000000,50396.000000
5928075134290.000000,50156.000000
5928076171875.000000,50540.000000
5928077178955.000000,50524.000000
5928078216554.000000,50828.000000
5928079223634.000000,50924.000000
5928080261233.000000,50940.000000
5928081268313.000000,51100.000000
5928082275394.000000,51228.000000
5928083312992.000000,51356.000000
5928084320073.000000,51260.000000
5928085327153.000000,51676.000000
5928086364752.000000,51740.000000
5928087371832.000000,51756.000000
5928088378913.000000,51916.000000
5928089416511.000000,52044.000000
5928090423592.000000,52060.000000
5928091430672.000000,52332.000000
5928092468271.000000,52332.000000
5928093475351.000000,52348.000000
5928094482432.000000,52668.000000
5928095520030.000000,52604.000000
5928096527111.000000,52684.000000
5928097534191.000000,52828.000000
5928098571790.000000,53036.000000
5928099609375.000000,52924.000000
5928100616455.000000,53261.000000
5928101623536.000000,53148.000000
5928102661134.000000,53565.000000
5928103668215.000000,53357.000000
5928104675295.000000,53613.000000
5928105712894.000000,53485.000000
5928106719974.000000,53549.000000
5928107757573.000000,53597.000000
5928108764653.000000,53981.000000
5928109771734.000000,53853.000000
5928110809332.000000,54093.000000
5928111816413.000000,54173.000000
5928112823493.000000,54317.000000
5928113861092.000000,54333.000000
5928114868172.000000,54493.000000
5928115905771.000000,54605.000000
5928116912851.000000,54701.000000
5928117919932.000000,54685.000000
5928118957530.000000,54733.000000
5928119964611.000000,54845.000000
5928120971691.000000,54877.000000
5928122009290.000000,55117.000000
5928123046875.000000,55101.000000
5928124084473.000000,55373.000000
5928125091554.000000,55533.000000
5928126098634.000000,55565.000000
5928127136233.000000,55581.000000
5928128143313.000000,55645.000000
5928129180912.000000,55581.000000
5928130187992.000000,55757.000000
5928131195073.000000,55965.000000
5928132232671.000000,55901.000000
5928133239752.000000,56061.000000
5928134277350.000000,56253.000000
5928135284431.000000,56157.000000
5928136291511.000000,56349.000000
5928137329110.000000,56205.000000
5928138336190.000000,56429.000000
5928139343271.000000,56669.000000
5928140380869.000000,56461.000000
5928141387950.000000,56765.000000
5928142395030.000000,56829.000000
5928143432629.000000,56813.000000
5928144439709.000000,56733.000000
5928145477308.000000,56909.000000
5928146484375.000000,57133.000000
5928147521973.000000,57165.000000
5928148529054.000000,57149.000000
5928149536134.000000,57005.000000
5928150573733.000000,57341.000000
5928151580813.000000,57422.000000
5928152618412.000000,57566.000000
5928153625492.000000,57390.000000
5928154632573.000000,57678.000000
5928155670171.000000,57518.000000
5928156677252.000000,57582.000000
5928157684332.000000,57566.000000
5928158721931.000000,57902.000000
5928159729011.000000,57726.000000
5928160736092.000000,57934.000000
5928161773690.000000,57838.000000
5928162780771.000000,57870.000000
5928163818369.000000,57902.000000
5928164825450.000000,58286.000000
5928165832530.000000,58222.000000
5928166870129.000000,58286.000000
5928167877209.000000,58142.000000
5928168884290.000000,58254.000000
5928169921875.000000,58558.000000
5928170959473.000000,58270.000000
5928171966554.000000,58494.000000
5928172973634.000000,58638.000000
5928174011233.000000,58574.000000
5928175018313.000000,58622.000000
5928176055912.000000,58718.000000
5928177062992.000000,58782.000000
5928178070073.000000,58878.000000
5928179107671.000000,58910.000000
5928180145270.000000,58990.000000
5928181152350.000000,58974.000000
5928182159431.000000,59070.000000
5928183197029.000000,59262.000000
5928184204110.000000,59230.000000
5928185211190.000000,59454.000000
5928186248789.000000,59262.000000
5928187255869.000000,59246.000000
5928188293468.000000,59502.000000
5928189300548.000000,59342.000000
5928190307629.000000,59742.000000
5928191345227.000000,59518.000000
5928192352308.000000,59758.000000
5928193389893.000000,59742.000000
5928194396973.000000,59822.000000
5928195404054.000000,59918.000000
5928196441652.000000,59790.000000
5928197448733.000000,59710.000000
5928198455813.000000,59966.000000
5928199493412.000000,59998.000000
5928200500492.000000,59982.000000
5928201507573.000000,60142.000000
5928202545171.000000,60126.000000
5928203552252.000000,60126.000000
5928204589850.000000,60190.000000
5928205596931.000000,60318.000000
5928206604011.000000,60142.000000
5928207641610.000000,60430.000000
5928208648690.000000,60430.000000
5928209655771.000000,60190.000000
5928210693369.000000,60334.000000
5928211700450.000000,60350.000000
5928212707530.000000,60510.000000
5928213745129.000000,60398.000000
5928214752209.000000,60734.000000
5928215789808.000000,60638.000000
5928215820312.000000,60702.000000
5928216827393.000000,60750.000000
5928217864991.000000,60830.000000
5928218872072.000000,60814.000000
5928219909670.000000,60894.000000
5928220916751.000000,60590.000000
5928221923831.000000,61006.000000
5928222961430.000000,60830.000000
5928223968510.000000,60942.000000
5928224975591.000000,60926.000000
5928226013189.000000,60974.000000
5928227020270.000000,60910.000000
5928228027350.000000,60974.000000
5928229064949.000000,61038.000000
5928230072029.000000,61022.000000
5928231109628.000000,61326.000000
5928232116708.000000,61358.000000
5928233123789.000000,61262.000000
5928234161387.000000,61262.000000
5928235168468.000000,61086.000000
5928236175548.000000,61278.000000
5928237213147.000000,61583.000000
5928238220227.000000,61535.000000
5928239257812.000000,61487.000000
5928240264893.000000,61487.000000
5928241302491.000000,61599.000000
5928242309572.000000,61519.000000
5928243316652.000000,61711.000000
5928244354251.000000,61727.000000
5928245361331.000000,61663.000000
5928246368412.000000,61743.000000
5928247406010.000000,61535.000000
5928248413091.000000,61855.000000
5928249450689.000000,61583.000000
5928250457770.000000,61615.000000
5928251464850.000000,61727.000000
5928252502449.000000,61887.000000
5928253509529.000000,61919.000000
5928254516610.000000,62079.000000
5928255554208.000000,61807.000000
5928256561289.000000,61839.000000
5928257568369.000000,61759.000000
5928258605968.000000,62239.000000
5928259613048.000000,61855.000000
5928260620129.000000,62063.000000
5928261657727.000000,62127.000000
5928262695312.000000,62159.000000
5928263702393.000000,61999.000000
5928264709473.000000,62159.000000
5928265747072.000000,62319.000000
5928266754152.000000,62127.000000
5928267761233.000000,62207.000000
5928268798831.000000,62463.000000
5928269805912.000000,62223.000000
5928270812992.000000,62255.000000
5928271850591.000000,62303.000000
5928272857671.000000,62335.000000
5928273895270.000000,62303.000000
5928274902350.000000,62607.000000
5928275939949.000000,62319.000000
5928276947029.000000,62271.000000
5928277954110.000000,62559.000000
5928278961190.000000,62415.000000
5928279998789.000000,62591.000000
5928281005869.000000,62463.000000
5928282043468.000000,62511.000000
5928283050548.000000,62655.000000
5928284057629.000000,62671.000000
5928285095227.000000,62671.000000
5928286102308.000000,62607.000000
5928287139893.000000,62735.000000
5928288146973.000000,62703.000000
5928289154054.000000,62879.000000
5928290191652.000000,62751.000000
5928291198733.000000,62751.000000
5928292236331.000000,62975.000000
5928293243412.000000,62879.000000
5928294250492.000000,63039.000000
5928295288091.000000,62911.000000
5928296295171.000000,62879.000000
5928297332770.000000,62815.000000
5928298339850.000000,62815.000000
5928299346931.000000,62895.000000
5928300384529.000000,62767.000000
5928301391610.000000,63055.000000
5928302398690.000000,63071.000000
5928303436289.000000,62911.000000
5928304443369.000000,62991.000000
5928305450450.000000,63199.000000
5928306488048.000000,62959.000000
5928307495129.000000,63087.000000
5928308532727.000000,63183.000000
5928309539808.000000,63087.000000
5928310577393.000000,63375.000000
5928311584473.000000,63343.000000
5928312622072.000000,63263.000000
5928313629152.000000,63167.000000
5928314636233.000000,63295.000000
5928315673831.000000,63263.000000
5928316680912.000000,63343.000000
5928317687992.000000,63375.000000
5928318725591.000000,63263.000000
5928319732671.000000,63295.000000
5928320739752.000000,63343.000000
5928321777350.000000,63247.000000
5928322784431.000000,63551.000000
5928323822029.000000,63231.000000
5928324829110.000000,63583.000000
5928325836190.000000,63215.000000
5928326873789.000000,63519.000000
5928327880869.000000,63311.000000
5928328887950.000000,63455.000000
5928329925548.000000,63647.000000
5928330932629.000000,63679.000000
5928331970227.000000,63359.000000
5928332977308.000000,63679.000000
5928334014893.000000,63471.000000
5928335021973.000000,63439.000000
5928336029054.000000,63599.000000
5928337066652.000000,63423.000000
5928338073733.000000,63663.000000
5928339111331.000000,63567.000000
5928340118412.000000,63855.000000
5928341125492.000000,63743.000000
5928342163091.000000,63615.000000
5928343170171.000000,63487.000000
5928344177252.000000,63663.000000
5928345214850.000000,63663.000000
5928346221931.000000,63647.000000
5928347229011.000000,63807.000000
5928348266610.000000,63807.000000
5928349273690.000000,63839.000000
5928350311289.000000,63839.000000
5928351318369.000000,63823.000000
5928352325450.000000,63631.000000
5928353363048.000000,63967.000000
5928354370129.000000,64015.000000
5928355377209.000000,63823.000000
5928356414808.000000,63663.000000
5928357421875.000000,64015.000000
5928358459473.000000,64015.000000
5928359466554.000000,64095.000000
5928360504152.000000,64015.000000
5928361511233.000000,63919.000000
5928362518313.000000,63759.000000
5928363555912.000000,63919.000000
5928364562992.000000,63887.000000
5928365570073.000000,64031.000000
5928366607671.000000,63887.000000
5928367614752.000000,63967.000000
5928368621832.000000,63967.000000
5928369659431.000000,63839.000000
5928370666511.000000,64031.000000
5928371673592.000000,63935.000000
5928372711190.000000,64063.000000
5928373718271.000000,64175.000000
5928374755869.000000,64015.000000
5928375762950.000000,63951.000000
5928376770030.000000,64047.000000
5928377807629.000000,64095.000000
5928378814709.000000,64111.000000
5928379821790.000000,64063.000000
5928380859375.000000,64191.000000
5928381866455.000000,63951.000000
5928382904054.000000,64143.000000
5928383911134.000000,63903.000000
5928384918215.000000,64191.000000
5928385955813.000000,63999.000000
5928386962894.000000,64351.000000
5928388000492.000000,64031.000000
5928389007573.000000,64335.000000
5928390014653.000000,64063.000000
5928391052252.000000,64127.000000
5928392059332.000000,64479.000000
5928393066413.000000,64223.000000
5928394104011.000000,64239.000000
5928395111092.000000,64367.000000
5928396148690.000000,64415.000000
5928397155771.000000,64095.000000
5928398162851.000000,64399.000000
5928399200450.000000,64479.000000
5928400207530.000000,64175.000000
5928401245129.000000,64223.000000
5928402252209.000000,64223.000000
5928403259290.000000,64559.000000
5928404296875.000000,64383.000000
5928405334473.000000,64335.000000
5928406341554.000000,64287.000000
5928407348634.000000,64335.000000
5928408386233.000000,64479.000000
5928409393313.000000,64335.000000
5928410400394.000000,64319.000000
5928411437992.000000,64335.000000
5928412445073.000000,64527.000000
5928413452153.000000,64399.000000
5928414489752.000000,64207.000000
5928415496832.000000,64335.000000
5928416503913.000000,64431.000000
5928417541511.000000,64575.000000
5928418548592.000000,64607.000000
5928419555672.000000,64511.000000
5928420593271.000000,64447.000000
5928421600351.000000,64623.000000
5928422607432.000000,64591.000000
5928423645030.000000,64559.000000
5928424652111.000000,64351.000000
5928425689709.000000,64527.000000
5928426696790.000000,64735.000000
5928427734375.000000,64431.000000
5928428741455.000000,64479.000000
5928429748536.000000,64703.000000
5928430786134.000000,64495.000000
5928431793215.000000,64655.000000
5928432830813.000000,64479.000000
5928433837894.000000,64543.000000
5928434844974.000000,64511.000000
5928435882573.000000,64527.000000
5928436889653.000000,64575.000000
5928437896734.000000,64607.000000
5928438934332.000000,64495.000000
5928439941413.000000,64479.000000
5928440979011.000000,64527.000000
5928441986092.000000,64687.000000
5928442993172.000000,64559.000000
5928444030771.000000,64607.000000
5928445037851.000000,64671.000000
5928446044932.000000,64591.000000
5928447082530.000000,64783.000000
5928448089611.000000,64831.000000
5928449127209.000000,64815.000000
5928450134290.000000,64879.000000
5928451171875.000000,64703.000000
5928452178955.000000,64543.000000
5928453186036.000000,64799.000000
5928454223634.000000,64687.000000
5928455230715.000000,64719.000000
5928456237795.000000,64559.000000
5928457275394.000000,64831.000000
5928458282474.000000,64623.000000
5928459289555.000000,64543.000000
5928460327153.000000,64687.000000
5928461334234.000000,64687.000000
5928462371832.000000,64847.000000
5928463378913.000000,64815.000000
5928464385993.000000,64687.000000
5928465423592.000000,64687.000000
5928466430672.000000,64655.000000
5928467437753.000000,64687.000000
5928468475351.000000,64815.000000
5928469482432.000000,64783.000000
5928470489512.000000,64927.000000
5928471527111.000000,64591.000000
5928472534191.000000,64735.000000
5928473541272.000000,64703.000000
5928474578870.000000,64959.000000
5928475585937.000000,64911.000000
5928476623536.000000,65103.000000
5928477630616.000000,64847.000000
5928478637697.000000,65023.000000
5928479675295.000000,64799.000000
5928480682376.000000,64959.000000
5928481689456.000000,64927.000000
5928482727055.000000,65071.000000
5928486969003.000000,64767.000000
5928491577153.000000,64911.000000
5928492614752.000000,65071.000000
5928493621832.000000,64895.000000
5928494628913.000000,64975.000000
5928495666511.000000,64815.000000
5928496673592.000000,64927.000000
5928497711190.000000,64911.000000
5928498718271.000000,65039.000000
5928499725351.000000,65071.000000
5928500762950.000000,64943.000000
5928501770030.000000,65135.000000
5928502777111.000000,64927.000000
5928503814709.000000,64927.000000
5928504821790.000000,65071.000000
5928505859375.000000,65055.000000
5928506866455.000000,65183.000000
5928507873536.000000,64895.000000
5928508911134.000000,64847.000000
5928509918215.000000,64895.000000
5928510955813.000000,64815.000000
5928511962894.000000,65151.000000
5928512969974.000000,65055.000000
5928514007573.000000,65103.000000
5928515014653.000000,65119.000000
5928516021734.000000,65119.000000
5928517059332.000000,64943.000000
5928518066413.000000,65023.000000
5928519073493.000000,65231.000000
5928520111092.000000,65071.000000
5928521118172.000000,65039.000000
5928522155771.000000,65023.000000
5928523162851.000000,65359.000000
5928524169932.000000,65087.000000
5928525207530.000000,65071.000000
5928526214611.000000,65023.000000
5928527221691.000000,65231.000000
5928528259290.000000,65135.000000
5928529266370.000000,65135.000000
5928530303955.000000,65199.000000
5928531311036.000000,64911.000000
5928532348634.000000,65295.000000
5928533355715.000000,65055.000000
5928534362795.000000,64975.000000
5928535400394.000000,65103.000000
5928536407474.000000,65119.000000
5928537414555.000000,65039.000000
5928538452153.000000,64927.000000
5928539459234.000000,64991.000000
5928540496832.000000,65167.000000
5928541503913.000000,65023.000000
5928542510993.000000,64863.000000
5928543518074.000000,65199.000000
5928544555672.000000,64975.000000
5928545562753.000000,65023.000000
5928546600351.000000,65167.000000
5928547607432.000000,65135.000000
5928548614512.000000,65199.000000
5928549652111.000000,65199.000000
5928550659191.000000,65135.000000
5928551666272.000000,65167.000000
5928552703870.000000,65135.000000
5928553710937.000000,65215.000000
5928554748536.000000,65023.000000
5928555755616.000000,65215.000000
5928556762697.000000,65199.000000
5928557800295.000000,65327.000000
5928558807376.000000,65247.000000
5928559844974.000000,65087.000000
5928560852055.000000,65295.000000
5928561859135.000000,65039.000000
5928562866216.000000,65055.000000
5928563903814.000000,65183.000000
5928564910895.000000,65183.000000
5928565948493.000000,65311.000000
5928566955574.000000,65327.000000
5928567993172.000000,65039.000000
5928569000253.000000,65231.000000
5928570007333.000000,65151.000000
5928571044932.000000,65103.000000
5928572052012.000000,65087.000000
5928573059093.000000,65135.000000
5928574066173.000000,65423.000000
5928575103772.000000,65247.000000
5928576110852.000000,65167.000000
5928577148437.000000,65343.000000
5928578155518.000000,65199.000000
5928579193116.000000,65183.000000
5928580200197.000000,65119.000000
5928581237795.000000,65183.000000
5928582244876.000000,65263.000000
5928583251956.000000,65119.000000
5928584289555.000000,65327.000000
5928585296635.000000,65199.000000
5928586303716.000000,65311.000000
5928587341314.000000,65199.000000
5928588348395.000000,65247.000000
5928589355475.000000,65247.000000
5928590393074.000000,65199.000000
5928591400154.000000,65327.000000
5928592407235.000000,65391.000000
5928593444833.000000,65215.000000
5928594451914.000000,65103.000000
5928595458994.000000,65215.000000
5928596496593.000000,65183.000000
5928597503673.000000,65087.000000
5928598541272.000000,65167.000000
5928599548352.000000,65183.000000
5928600585937.000000,65167.000000
5928601593018.000000,65215.000000
5928602630616.000000,65391.000000
5928603637697.000000,65359.000000
5928604644777.000000,65535.000000
5928605682376.000000,65279.000000
5928606689456.000000,65439.000000
5928607727055.000000,65263.000000
5928608734135.000000,65535.000000
5928609741216.000000,65343.000000
5928610748296.000000,65311.000000
5928611785895.000000,65247.000000
5928612792975.000000,65167.000000
5928613830574.000000,65263.000000
5928614837654.000000,65247.000000
5928615844735.000000,65391.000000
5928616882333.000000,65231.000000
5928617889414.000000,65439.000000
5928618896494.000000,65487.000000
5928619934093.000000,65167.000000
5928620941173.000000,65471.000000
5928621948254.000000,65279.000000
5928622985852.000000,65439.000000
5928623992933.000000,65455.000000
5928625030518.000000,65215.000000
5928626037598.000000,65423.000000
5928627075197.000000,65311.000000
5928628082277.000000,65535.000000
5928629089358.000000,65327.000000
5928630126956.000000,65343.000000
5928631134037.000000,65471.000000
5928632141117.000000,65199.000000
5928633178716.000000,65327.000000
5928634185796.000000,65167.000000
5928635223395.000000,65503.000000
5928636230475.000000,65247.000000
5928637237556.000000,65247.000000
5928638275154.000000,65391.000000
5928639282235.000000,65311.000000
5928640289315.000000,65535.000000
5928641326914.000000,65183.000000
5928642333994.000000,65279.000000
5928643371593.000000,65231.000000
5928644378673.000000,65295.000000
5928645385754.000000,65311.000000
5928646423352.000000,65343.000000
5928647430433.000000,65327.000000
5928648468018.000000,65471.000000
5928649475098.000000,65455.000000
5928650512697.000000,65167.000000
5928651519777.000000,65295.000000
5928652526858.000000,65487.000000
5928653564456.000000,65519.000000
5928654571537.000000,65327.000000
5928655578617.000000,65327.000000
5928656616216.000000,65247.000000
5928657623296.000000,65423.000000
5928658630377.000000,65503.000000
5928659667975.000000,65535.000000
5928660675056.000000,65423.000000
5928661682136.000000,65423.000000
5928662719735.000000,65391.000000
5928663726815.000000,65327.000000
5928664733896.000000,65343.000000
5928665771494.000000,65199.000000
5928666778575.000000,65407.000000
5928667816173.000000,65423.000000
5928668823254.000000,65359.000000
5928669830334.000000,65535.000000
5928670867933.000000,65359.000000
5928671905518.000000,65519.000000
5928672912598.000000,65535.000000
5928673919679.000000,65535.000000
5928674957277.000000,65535.000000
5928675964358.000000,65359.000000
5928676971438.000000,65535.000000
5928678009037.000000,65215.000000
5928679016117.000000,65343.000000
5928680023198.000000,65359.000000
5928681060796.000000,65247.000000
5928682067877.000000,65535.000000
5928683074957.000000,65359.000000
5928684112556.000000,65439.000000
5928685119636.000000,65519.000000
5928686157235.000000,65407.000000
5928687164315.000000,65423.000000
5928688201914.000000,65535.000000
5928689208994.000000,65487.000000
5928690216075.000000,65439.000000
5928691253673.000000,65455.000000
5928692260754.000000,65519.000000
5928693267834.000000,65343.000000
5928694305433.000000,65263.000000
5928695343018.000000,65231.000000
5928696350098.000000,65375.000000
5928697357179.000000,65455.000000
5928698394777.000000,65311.000000
5928699401858.000000,65359.000000
5928700408938.000000,65535.000000
5928701446537.000000,65471.000000
5928702453617.000000,65535.000000
5928703460698.000000,65439.000000
5928704498296.000000,65327.000000
5928705505377.000000,65295.000000
5928706512457.000000,65519.000000
5928707550056.000000,65535.000000
5928708557136.000000,65263.000000
5928709564217.000000,65391.000000
5928710601815.000000,65375.000000
5928711608896.000000,65535.000000
5928712615976.000000,65535.000000
5928713653575.000000,65535.000000
5928714660655.000000,65391.000000
5928715698254.000000,65423.000000
5928716705334.000000,65343.000000
5928717712415.000000,65263.000000
5928718750000.000000,65423.000000
5928719757080.000000,65487.000000
5928720794679.000000,65535.000000
5928721801759.000000,65535.000000
5928722839358.000000,65503.000000
5928723846438.000000,65519.000000
5928724853519.000000,65375.000000
5928725891117.000000,65535.000000
5928726898198.000000,65343.000000
5928727905278.000000,65471.000000
5928728942877.000000,65471.000000
5928729949957.000000,65391.000000
5928730957038.000000,65375.000000
5928731994636.000000,65471.000000
5928733001717.000000,65455.000000
5928734008797.000000,65423.000000
5928735046396.000000,65535.000000
5928736053476.000000,65535.000000
5928737091075.000000,65535.000000
5928738098155.000000,65327.000000
5928739105236.000000,65471.000000
5928740142834.000000,65535.000000
5928741149915.000000,65311.000000
5928742187500.000000,65439.000000
5928743194580.000000,65503.000000
5928744232179.000000,65535.000000
5928745239259.000000,65535.000000
5928746246340.000000,65519.000000
5928747283938.000000,65535.000000
5928748291019.000000,65535.000000
5928749328617.000000,65535.000000
5928750335698.000000,65535.000000
5928751342778.000000,65535.000000
5928752380377.000000,65503.000000
5928753387457.000000,65487.000000
5928754394538.000000,65407.000000
5928755432136.000000,65535.000000
5928756439217.000000,65535.000000
5928757446297.000000,65535.000000
5928758483896.000000,65535.000000
5928759490976.000000,65503.000000
5928760528575.000000,65503.000000
5928761535655.000000,65455.000000
5928762542736.000000,65535.000000
5928763580334.000000,65439.000000
5928764587415.000000,65535.000000
5928765625000.000000,65487.000000
5928766632080.000000,65535.000000
5928767669679.000000,65439.000000
5928768676759.000000,65535.000000
5928769683840.000000,65535.000000
5928770721438.000000,65391.000000
5928771728519.000000,65439.000000
5928772735599.000000,65375.000000
5928773773198.000000,65535.000000
5928774780278.000000,65439.000000
5928775787359.000000,65455.000000
5928776824957.000000,65535.000000
5928777832038.000000,65535.000000
5928778839118.000000,65535.000000
5928779876717.000000,65455.000000
5928780883797.000000,65439.000000
5928781890878.000000,65535.000000
5928782928476.000000,65487.000000
5928783935557.000000,65391.000000
5928784973155.000000,65535.000000
5928785980236.000000,65503.000000
5928786987316.000000,65423.000000
5928788024915.000000,65535.000000
5928789031995.000000,65471.000000
5928790069580.000000,65375.000000
5928791076661.000000,65535.000000
5928792083741.000000,65535.000000
5928793121340.000000,65535.000000
5928794128420.000000,65375.000000
5928795135501.000000,65503.000000
5928796173099.000000,65535.000000
5928797180180.000000,65455.000000
5928798187260.000000,65439.000000
5928799224859.000000,65535.000000
5928800231939.000000,65487.000000
5928801269538.000000,65535.000000
5928802276618.000000,65535.000000
5928803283699.000000,65455.000000
5928804321297.000000,65487.000000
5928805328378.000000,65535.000000
5928806335458.000000,65375.000000
5928807373057.000000,65503.000000
5928808380137.000000,65535.000000
5928809417736.000000,65535.000000
5928810424816.000000,65535.000000
5928811431897.000000,65535.000000
5928812469495.000000,65535.000000
5928813476562.000000,65535.000000
5928814514161.000000,65535.000000
5928815521241.000000,65535.000000
5928816558840.000000,65535.000000
5928817565920.000000,65535.000000
5928818573001.000000,65535.000000
5928819610599.000000,65535.000000
5928820617680.000000,65535.000000
5928821624760.000000,65519.000000
5928822662359.000000,65535.000000
5928823669439.000000,65535.000000
5928824676520.000000,65423.000000
5928825714118.000000,65519.000000
5928826721199.000000,65535.000000
5928827758797.000000,65535.000000
5928828765878.000000,65503.000000
5928829772958.000000,65423.000000
5928830810557.000000,65535.000000
5928831817637.000000,65535.000000
5928832824718.000000,65535.000000
5928833862316.000000,65503.000000
5928834869397.000000,65439.000000
5928835876477.000000,65535.000000
5928836914062.000000,65535.000000
5928837921143.000000,65535.000000
5928838958741.000000,65535.000000
5928839965822.000000,65535.000000
5928841003420.000000,65535.000000
5928842010501.000000,65535.000000
5928843017581.000000,65535.000000
5928844055180.000000,65535.000000
5928845062260.000000,65535.000000
5928846069341.000000,65535.000000
5928847106939.000000,65503.000000
5928848114020.000000,65535.000000
5928849151618.000000,65535.000000
5928850158699.000000,65535.000000
5928851165779.000000,65535.000000
5928852203378.000000,65535.000000
5928853210458.000000,65535.000000
5928854217539.000000,65535.000000
5928855255137.000000,65535.000000
5928856262218.000000,65535.000000
5928857299816.000000,65535.000000
5928858306897.000000,65535.000000
5928859313977.000000,65535.000000
5928860351562.000000,65535.000000
5928861389161.000000,65535.000000
5928862396241.000000,65535.000000
5928863403322.000000,65439.000000
5928864440920.000000,65535.000000
5928865448001.000000,65455.000000
5928866455081.000000,65503.000000
5928867492680.000000,65423.000000
5928868499760.000000,65535.000000
5928869506841.000000,65535.000000
5928870544439.000000,65535.000000
5928871551520.000000,65535.000000
5928872589118.000000,65535.000000
5928873596199.000000,65535.000000
5928874603279.000000,65423.000000
5928875640878.000000,65535.000000
5928876647958.000000,65471.000000
5928877655039.000000,65535.000000
5928878692637.000000,65535.000000
5928879699718.000000,65487.000000
5928880706798.000000,65535.000000
5928881744397.000000,65535.000000
5928882751477.000000,65535.000000
5928883789062.000000,65535.000000
5928884796143.000000,65455.000000
5928885833741.000000,65535.000000
5928886840822.000000,65535.000000
5928887847902.000000,65535.000000
5928888885501.000000,65535.000000
5928889892581.000000,65535.000000
5928890899662.000000,65535.000000
5928891937260.000000,65407.000000
5928892944341.000000,65535.000000
5928893951421.000000,65535.000000
5928894989020.000000,65535.000000
5928895996100.000000,65535.000000
5928897003181.000000,65519.000000
5928898040779.000000,65535.000000
5928899047860.000000,65455.000000
5928900085458.000000,65535.000000
5928901092539.000000,65535.000000
5928902099619.000000,65535.000000
5928903137218.000000,65503.000000
5928904144298.000000,65535.000000
5928905151379.000000,65487.000000
5928906188977.000000,65535.000000
5928907226562.000000,65471.000000
5928908233643.000000,65455.000000
5928909240723.000000,65535.000000
5928910278322.000000,65535.000000
5928911285402.000000,65503.000000
5928912292483.000000,65519.000000
5928913330081.000000,65535.000000
5928914337162.000000,65535.000000
5928915344242.000000,65535.000000
5928916381841.000000,65519.000000
5928917388921.000000,65311.000000
5928918396002.000000,65535.000000
5928919433600.000000,65455.000000
5928920440681.000000,65535.000000
5928921478279.000000,65535.000000
5928922485360.000000,65535.000000
5928923492440.000000,65535.000000
5928924530039.000000,65535.000000
5928925537119.000000,65535.000000
5928926544200.000000,65535.000000
5928927581798.000000,65535.000000
5928928588879.000000,65535.000000
5928929595959.000000,65535.000000
5928930633558.000000,65535.000000
5928931671143.000000,65535.000000
5928932678223.000000,65535.000000
5928933685304.000000,65535.000000
5928934722902.000000,65535.000000
5928935729983.000000,65535.000000
5928936737063.000000,65535.000000
5928937774662.000000,65535.000000
5928938781742.000000,65535.000000
5928939819341.000000,65535.000000
5928940856939.000000,65535.000000
5928941864020.000000,65055.000000
5928942871100.000000,64447.000000
5928943908699.000000,63791.000000
5928944915779.000000,62911.000000
5928945922860.000000,62303.000000
5928946960458.000000,61791.000000
5928947967539.000000,61422.000000
5928949005137.000000,60830.000000
5928950012218.000000,60158.000000
5928951019298.000000,59454.000000
5928952056897.000000,58862.000000
5928953063977.000000,58542.000000
5928954101562.000000,57870.000000
5928955108643.000000,57358.000000
5928956146241.000000,56925.000000
5928957153322.000000,56221.000000
5928958160402.000000,55773.000000
5928959198001.000000,55277.000000
5928960205081.000000,54637.000000
5928961242680.000000,54237.000000
5928962249760.000000,53677.000000
5928963256841.000000,53068.000000
5928964294439.000000,52668.000000
5928965301520.000000,52252.000000
5928966339118.000000,51788.000000
5928967346199.000000,51116.000000
5928968353279.000000,50652.000000
5928969390878.000000,50188.000000
5928970397958.000000,49980.000000
5928971405039.000000,49452.000000
5928972442637.000000,48731.000000
5928973449718.000000,48395.000000
5928974487316.000000,48187.000000
5928975494397.000000,47403.000000
5928976501477.000000,46955.000000
5928977539062.000000,46667.000000
5928978546143.000000,46235.000000
5928979583741.000000,45915.000000
5928980590822.000000,45515.000000
5928981628420.000000,44730.000000
5928982635501.000000,44714.000000
5928983642581.000000,44250.000000
5928984680180.000000,43850.000000
5928985687260.000000,43066.000000
5928986694341.000000,42954.000000
5928987731939.000000,42618.000000
5928988739020.000000,41946.000000
5928989746100.000000,41690.000000
5928990783699.000000,41402.000000
5928991790779.000000,41066.000000
5928992828378.000000,40393.000000
5928993835458.000000,40137.000000
5928994842539.000000,39897.000000
5928995880137.000000,39337.000000
5928996887218.000000,38969.000000
5928997894298.000000,38665.000000
5928998931897.000000,38201.000000
5929000396734.000000,38153.000000
5929001434332.000000,37593.000000
5929002441413.000000,37177.000000
5929003448493.000000,37065.000000
5929004455574.000000,36776.000000
5929005493172.000000,36328.000000
5929006500253.000000,35784.000000
5929007537851.000000,35768.000000
5929008544932.000000,35400.000000
5929009552012.000000,35144.000000
5929010589611.000000,34744.000000
5929011596691.000000,34424.000000
5929012603772.000000,33992.000000
5929013641370.000000,33720.000000
5929014678955.000000,33192.000000
5929015686036.000000,33016.000000
5929016693116.000000,32872.000000
5929017730715.000000,32311.000000
5929018737795.000000,32055.000000
5929019744876.000000,32023.000000
5929020782474.000000,31639.000000
5929021789555.000000,31271.000000
5929022827153.000000,30839.000000
5929023834234.000000,30887.000000
5929024841314.000000,30727.000000
5929025848395.000000,30039.000000
5929026885993.000000,30007.000000
5929027893074.000000,29719.000000
5929028900154.000000,29495.000000
5929029937753.000000,29191.000000
5929030944833.000000,28727.000000
5929031982432.000000,28566.000000
5929032989512.000000,28262.000000
5929033996593.000000,28022.000000
5929035034191.000000,27750.000000
5929036041272.000000,27542.000000
5929037078870.000000,27126.000000
5929038116455.000000,27110.000000
5929039123536.000000,26854.000000
5929040130616.000000,26534.000000
5929041168215.000000,26198.000000
5929042175295.000000,26102.000000
5929043182376.000000,25686.000000
5929044219974.000000,25446.000000
5929045227055.000000,25574.000000
5929046234135.000000,24982.000000
5929047271734.000000,24822.000000
5929048278814.000000,24598.000000
5929049285895.000000,24614.000000
5929050323493.000000,24261.000000
5929051330574.000000,23925.000000
5929052368172.000000,23797.000000
5929053375253.000000,23541.000000
5929054382333.000000,23477.000000
5929055419932.000000,23013.000000
5929056427012.000000,22757.000000
5929057464611.000000,22821.000000
5929058471691.000000,22661.000000
5929059478772.000000,22197.000000
5929060516370.000000,22229.000000
5929061553955.000000,21957.000000
5929062561036.000000,21765.000000
5929063568116.000000,21461.000000
5929064605715.000000,21365.000000
5929065612795.000000,21317.000000
5929066619876.000000,20757.000000
5929067657474.000000,20549.000000
5929068664555.000000,20709.000000
5929069671635.000000,20420.000000
5929070709234.000000,20180.000000
5929071716314.000000,19780.000000
5929072753913.000000,19940.000000
5929073760993.000000,19460.000000
5929074768074.000000,19524.000000
5929075805672.000000,19236.000000
5929076812753.000000,19124.000000
5929077819833.000000,19156.000000
5929078857432.000000,18740.000000
5929079864512.000000,18564.000000
5929080871593.000000,18548.000000
5929081909191.000000,18260.000000
5929082916272.000000,18276.000000
5929083923352.000000,17844.000000
5929084960937.000000,17732.000000
5929085998536.000000,17652.000000
5929087005616.000000,17316.000000
5929088012697.000000,17220.000000
5929089050295.000000,17188.000000
5929090057376.000000,16884.000000
5929091064456.000000,16836.000000
5929092102055.000000,16548.000000
5929093109135.000000,16468.000000
5929094116216.000000,16147.000000
5929095153814.000000,16259.000000
5929096160895.000000,16019.000000
5929097167975.000000,15715.000000
5929098205574.000000,15891.000000
5929099212654.000000,15731.000000
5929100250253.000000,15315.000000
5929101257333.000000,15379.000000
5929102264414.000000,14979.000000
5929103302012.000000,14979.000000
5929104309093.000000,14723.000000
5929105346691.000000,14563.000000
5929106353772.000000,14675.000000
5929107360852.000000,14563.000000
5929108398437.000000,14515.000000
5929109436036.000000,14083.000000
5929110443116.000000,14275.000000
5929111450197.000000,13891.000000
5929112487795.000000,13843.000000
5929113494876.000000,14051.000000
5929114501956.000000,13507.000000
5929115539555.000000,13555.000000
5929116546635.000000,13251.000000
5929117553716.000000,13395.000000
5929118591314.000000,13235.000000
5929119598395.000000,13123.000000
5929120635993.000000,12803.000000
5929121643074.000000,12755.000000
5929122650154.000000,12691.000000
5929123687753.000000,12515.000000
5929124694833.000000,12643.000000
5929125701914.000000,12387.000000
5929126739512.000000,12307.000000
5929127746593.000000,12018.000000
5929128753673.000000,11986.000000
5929129791272.000000,11954.000000
5929130798352.000000,12034.000000
5929131835937.000000,11778.000000
5929132843018.000000,11842.000000
5929133880616.000000,11474.000000
5929134887697.000000,11458.000000
5929135925295.000000,11490.000000
5929136932376.000000,11266.000000
5929137939456.000000,11122.000000
5929138977055.000000,11074.000000
5929139984135.000000,10786.000000
5929140991216.000000,10978.000000
5929142028814.000000,10562.000000
5929143035895.000000,10722.000000
5929144042975.000000,10674.000000
5929145080574.000000,10530.000000
5929146087654.000000,10290.000000
5929147094735.000000,10130.000000
5929148132333.000000,10274.000000
5929149139414.000000,10258.000000
5929150177012.000000,10018.000000
5929151184093.000000,9970.000000
5929152191173.000000,9666.000000
5929153228772.000000,9746.000000
5929154235852.000000,9682.000000
5929155273437.000000,9602.000000
5929156311036.000000,9522.000000
5929157318116.000000,9218.000000
5929158325197.000000,9138.000000
5929159362795.000000,9090.000000
5929160369876.000000,9282.000000
5929161376956.000000,9218.000000
5929162414555.000000,9106.000000
5929163421635.000000,8834.000000
5929164459234.000000,8866.000000
5929165466314.000000,8658.000000
5929166473395.000000,8770.000000
5929167510993.000000,8610.000000
5929168518074.000000,8386.000000
5929169525154.000000,8338.000000
5929170562753.000000,8290.000000
5929171569833.000000,8161.000000
5929172576914.000000,8097.000000
5929173614512.000000,8226.000000
5929174621593.000000,8113.000000
5929175628673.000000,7905.000000
5929176666272.000000,7825.000000
5929177673352.000000,7969.000000
5929177734375.000000,7857.000000
5929178741455.000000,7665.000000
5929179779054.000000,7649.000000
5929180786134.000000,7409.000000
5929181823733.000000,7633.000000
5929182830813.000000,7505.000000
5929183837894.000000,7601.000000
5929184875492.000000,7329.000000
5929185882573.000000,7201.000000
5929186889653.000000,7329.000000
5929187927252.000000,7345.000000
5929188934332.000000,7281.000000
5929189941413.000000,7137.000000
5929190979011.000000,6833.000000
5929191986092.000000,7057.000000
5929192993172.000000,7025.000000
5929194030771.000000,6897.000000
5929195037851.000000,6881.000000
5929196044932.000000,6817.000000
5929197082530.000000,6529.000000
5929198089611.000000,6625.000000
5929199127209.000000,6497.000000
5929200134290.000000,6609.000000
5929201171875.000000,6337.000000
5929202178955.000000,6465.000000
5929203216554.000000,6417.000000
5929204223634.000000,6273.000000
5929205230715.000000,6081.000000
5929206237795.000000,6321.000000
5929207275394.000000,6209.000000
5929208282474.000000,6161.000000
5929209320073.000000,6161.000000
5929210327153.000000,6081.000000
5929211334234.000000,5889.000000
5929212371832.000000,5729.000000
5929213378913.000000,5857.000000
5929214416511.000000,5857.000000
5929215423592.000000,5521.000000
5929216430672.000000,5521.000000
5929217468271.000000,5585.000000
5929218475351.000000,5665.000000
5929219482432.000000,5345.000000
5929220520030.000000,5505.000000
5929221527111.000000,5297.000000
5929222534191.000000,5281.000000
5929223571790.000000,5233.000000
5929224609375.000000,5313.000000
5929225616455.000000,5009.000000
5929226623536.000000,5297.000000
5929227661134.000000,4993.000000
5929228668215.000000,5281.000000
5929229675295.000000,5089.000000
5929230712894.000000,4897.000000
5929231719974.000000,4945.000000
5929232757573.000000,4913.000000
5929233764653.000000,4945.000000
5929234771734.000000,4897.000000
5929235809332.000000,4657.000000
5929236816413.000000,4817.000000
5929237854011.000000,4577.000000
5929238861092.000000,4657.000000
5929239868172.000000,4433.000000
5929240905771.000000,4513.000000
5929241912851.000000,4465.000000
5929242919932.000000,4529.000000
5929243957530.000000,4225.000000
5929244964611.000000,4321.000000
5929246002209.000000,4305.000000
5929247009290.000000,4257.000000
5929248046875.000000,4177.000000
5929249053955.000000,4113.000000
5929250091554.000000,4337.000000
5929251098634.000000,4257.000000
5929252105715.000000,4257.000000
5929253143313.000000,4000.000000
5929254150394.000000,4177.000000
5929255157474.000000,4064.000000
5929256195073.000000,4048.000000
5929257202153.000000,4129.000000
5929258239752.000000,4097.000000
5929259246832.000000,3920.000000
5929260253913.000000,3936.000000
5929261291511.000000,3760.000000
5929262298592.000000,3808.000000
5929263305672.000000,3760.000000
5929264343271.000000,3520.000000
5929265350351.000000,3664.000000
5929266357432.000000,3680.000000
5929267395030.000000,3728.000000
5929268402111.000000,3504.000000
5929269439709.000000,3760.000000
5929270446790.000000,3536.000000
5929271484375.000000,3376.000000
5929272491455.000000,3552.000000
5929273529054.000000,3616.000000
5929274536134.000000,3376.000000
5929275573733.000000,3312.000000
5929276580813.000000,3456.000000
5929277587894.000000,3280.000000
5929278625492.000000,3216.000000
5929279632573.000000,3472.000000
5929280639653.000000,3184.000000
5929281677252.000000,3200.000000
5929282684332.000000,3200.000000
5929283691413.000000,3408.000000
5929284729011.000000,3200.000000
5929285736092.000000,3184.000000
5929286743172.000000,2976.000000
5929287780771.000000,3136.000000
5929288787851.000000,3056.000000
5929289825450.000000,2944.000000
5929290832530.000000,3104.000000
5929291839611.000000,2912.000000
5929292877209.000000,2880.000000
5929293884290.000000,2880.000000
5929294921875.000000,2976.000000
5929295928955.000000,2768.000000
5929296966554.000000,2832.000000
5929297973634.000000,2736.000000
5929298980715.000000,2672.000000
5929300018313.000000,2704.000000
5929301025394.000000,2688.000000
5929302062992.000000,2800.000000
5929303070073.000000,2640.000000
5929304077153.000000,2560.000000
5929305114752.000000,2624.000000
5929306121832.000000,2480.000000
5929307128913.000000,2368.000000
5929308166511.000000,2736.000000
5929309173592.000000,2752.000000
5929310180672.000000,2560.000000
5929311187753.000000,2624.000000
5929312225351.000000,2704.000000
5929313232432.000000,2368.000000
5929314270030.000000,2688.000000
5929315277111.000000,2512.000000
5929316284191.000000,2560.000000
5929317321790.000000,2432.000000
5929318328870.000000,2448.000000
5929319366455.000000,2368.000000
5929320373536.000000,2480.000000
5929321411134.000000,2304.000000
5929322418215.000000,2400.000000
5929323425295.000000,2368.000000
5929324462894.000000,2256.000000
5929325469974.000000,2448.000000
5929326477055.000000,2320.000000
5929327514653.000000,2336.000000
5929328521734.000000,2080.000000
5929329559332.000000,2176.000000
5929330566413.000000,2224.000000
5929331573493.000000,2096.000000
5929332611092.000000,2256.000000
5929333618172.000000,2128.000000
5929334625253.000000,2192.000000
5929335662851.000000,2016.000000
5929336669932.000000,2160.000000
5929337677012.000000,1984.000000
5929338714611.000000,2016.000000
5929339721691.000000,2016.000000
5929340728772.000000,2208.000000
5929341766370.000000,2000.000000
5929342803955.000000,1984.000000
5929343811036.000000,2192.000000
5929344818116.000000,2128.000000
5929345855715.000000,2016.000000
5929346862795.000000,1824.000000
5929347900394.000000,1808.000000
5929348907474.000000,1760.000000
5929349914555.000000,2016.000000
5929350952153.000000,1888.000000
5929351959234.000000,1968.000000
5929352966314.000000,1840.000000
5929354003913.000000,1808.000000
5929355010993.000000,1712.000000
5929356048592.000000,1632.000000
5929357055672.000000,1632.000000
5929358062753.000000,1792.000000
5929359100351.000000,1632.000000
5929360107432.000000,1616.000000
5929361145030.000000,1776.000000
5929362152111.000000,1632.000000
5929363159191.000000,1760.000000
5929364196790.000000,1552.000000
5929365234375.000000,1584.000000
5929366241455.000000,1440.000000
5929367248536.000000,1520.000000
5929368286134.000000,1584.000000
5929369293215.000000,1824.000000
5929370300295.000000,1424.000000
5929371337894.000000,1648.000000
5929372344974.000000,1440.000000
5929373382573.000000,1728.000000
5929374389653.000000,1456.000000
5929375396734.000000,1568.000000
5929376434332.000000,1456.000000
5929377441413.000000,1568.000000
5929378448493.000000,1440.000000
5929379486092.000000,1488.000000
5929380493172.000000,1536.000000
5929381500253.000000,1408.000000
5929382537851.000000,1472.000000
5929383544932.000000,1680.000000
5929384582530.000000,1264.000000
5929385589611.000000,1536.000000
5929386596691.000000,1456.000000
5929387634290.000000,1296.000000
5929388671875.000000,1280.000000
5929389678955.000000,1344.000000
5929390686036.000000,1200.000000
5929391723634.000000,1520.000000
5929392730715.000000,1216.000000
5929393768313.000000,1424.000000
5929394775394.000000,1248.000000
5929395782474.000000,1280.000000
5929396820073.000000,1328.000000
5929397827153.000000,1312.000000
5929398834234.000000,1024.000000
5929399871832.000000,1456.000000
5929400878913.000000,1440.000000
5929401916511.000000,1264.000000
5929402923592.000000,1376.000000
5929403930672.000000,1328.000000
5929404968271.000000,1392.000000
5929405975351.000000,1408.000000
5929406982432.000000,1184.000000
5929408020030.000000,1264.000000
5929409027111.000000,1120.000000
5929410034191.000000,1152.000000
5929411071790.000000,1120.000000
5929412109375.000000,1168.000000
5929413116455.000000,1264.000000
5929414154054.000000,1024.000000
5929415161134.000000,1280.000000
5929416168215.000000,1040.000000
5929417205813.000000,1056.000000
5929418212894.000000,1344.000000
5929419219974.000000,928.000000
5929420257573.000000,1056.000000
5929421264653.000000,1312.000000
5929422271734.000000,944.000000
5929423309332.000000,1056.000000
5929424316413.000000,1024.000000
5929425354011.000000,1168.000000
5929426361092.000000,1168.000000
5929427368172.000000,1200.000000
5929428405771.000000,1040.000000
5929429412851.000000,896.000000
5929430450450.000000,944.000000
5929431457530.000000,1056.000000
5929432464611.000000,1024.000000
5929433502209.000000,1072.000000
5929434509290.000000,1216.000000
5929435546875.000000,1056.000000
5929436553955.000000,960.000000
5929437591554.000000,864.000000
5929438598634.000000,832.000000
5929439605715.000000,1120.000000
5929440643313.000000,1088.000000
5929441650394.000000,1120.000000
5929442657474.000000,944.000000
5929443695073.000000,800.000000
5929444702153.000000,1008.000000
5929445739752.000000,912.000000
5929446746832.000000,1056.000000
5929447753913.000000,960.000000
5929448791511.000000,1024.000000
5929449798592.000000,1040.000000
5929450805672.000000,848.000000
5929451843271.000000,800.000000
5929452850351.000000,896.000000
5929453857432.000000,768.000000
5929454895030.000000,944.000000
5929455902111.000000,800.000000
5929456909191.000000,688.000000
5929457946790.000000,912.000000
5929458984375.000000,816.000000
5929459991455.000000,720.000000
5929460998536.000000,864.000000
5929462036134.000000,816.000000
5929463043215.000000,720.000000
5929464050295.000000,976.000000
5929465087894.000000,960.000000
5929466094974.000000,736.000000
5929467132573.000000,704.000000
5929468139653.000000,848.000000
5929469146734.000000,704.000000
5929470184332.000000,960.000000
5929471191413.000000,896.000000
5929472198493.000000,896.000000
5929473236092.000000,896.000000
5929474243172.000000,848.000000
5929475250253.000000,688.000000
5929476287851.000000,880.000000
5929477294932.000000,736.000000
5929478302012.000000,784.000000
5929479339611.000000,752.000000
5929480346691.000000,544.000000
5929481384290.000000,544.000000
5929482391370.000000,816.000000
5929483428955.000000,768.000000
5929484436036.000000,640.000000
5929485443116.000000,576.000000
5929486480715.000000,592.000000
5929487487795.000000,800.000000
5929488525394.000000,592.000000
5929489532474.000000,656.000000
5929490539555.000000,800.000000
5929491577153.000000,784.000000
5929492584234.000000,784.000000
5929493591314.000000,592.000000
5929494628913.000000,576.000000
5929495635993.000000,640.000000
5929496673592.000000,864.000000
5929497680672.000000,480.000000
5929498687753.000000,640.000000
5929499725351.000000,496.000000
5929500732432.000000,800.000000
5929501190188.000000,768.000000
5929502136233.000000,768.000000
5929503143313.000000,784.000000
5929504180912.000000,512.000000
5929505187992.000000,496.000000
5929506195073.000000,464.000000
5929507232671.000000,640.000000
5929508239752.000000,656.000000
5929509246832.000000,784.000000
5929510284431.000000,624.000000
5929511291511.000000,496.000000
5929512298592.000000,560.000000
5929513336190.000000,672.000000
5929514343271.000000,640.000000
5929515350351.000000,512.000000
5929516387950.000000,800.000000
5929517395030.000000,464.000000
5929518402111.000000,800.000000
5929519439709.000000,752.000000
5929520446790.000000,432.000000
5929521484375.000000,576.000000
5929522491455.000000,480.000000
5929523529054.000000,416.000000
5929524536134.000000,544.000000
5929525543215.000000,672.000000
5929526580813.000000,496.000000
5929527587894.000000,400.000000
5929528625492.000000,640.000000
5929529632573.000000,416.000000
5929530639653.000000,416.000000
5929531677252.000000,736.000000
5929532684332.000000,656.000000
5929533691413.000000,464.000000
5929534729011.000000,688.000000
5929535736092.000000,448.000000
5929536773690.000000,496.000000
5929537780771.000000,720.000000
5929538787851.000000,432.000000
5929539825450.000000,368.000000
5929540832530.000000,560.000000
5929541839611.000000,400.000000
5929542877209.000000,592.000000
5929543884290.000000,400.000000
5929544921875.000000,448.000000
5929545928955.000000,432.000000
5929546966554.000000,464.000000
5929547973634.000000,448.000000
5929549011233.000000,768.000000
5929550018313.000000,400.000000
5929551025394.000000,496.000000
5929552032474.000000,384.000000
5929553070073.000000,336.000000
5929554077153.000000,512.000000
5929555114752.000000,608.000000
5929556121832.000000,336.000000
5929557128913.000000,240.000000
5929558166511.000000,416.000000
5929559173592.000000,576.000000
5929560180672.000000,416.000000
5929561218271.000000,672.000000
5929562225351.000000,448.000000
5929563232432.000000,560.000000
5929564270030.000000,528.000000
5929565277111.000000,336.000000
5929566284191.000000,480.000000
5929567321790.000000,288.000000
5929568359375.000000,608.000000
5929569366455.000000,640.000000
5929570373536.000000,528.000000
5929571411134.000000,480.000000
5929572418215.000000,384.000000
5929573425295.000000,480.000000
5929574462894.000000,496.000000
5929575469974.000000,368.000000
5929576477055.000000,480.000000
5929577514653.000000,608.000000
5929578521734.000000,368.000000
5929579528814.000000,608.000000
5929580566413.000000,464.000000
5929581573493.000000,496.000000
5929582611092.000000,336.000000
5929583618172.000000,448.000000
5929584625253.000000,624.000000
5929585662851.000000,624.000000
5929586669932.000000,416.000000
5929587677012.000000,528.000000
5929588714611.000000,336.000000
5929589721691.000000,512.000000
5929590759290.000000,272.000000
5929591796875.000000,512.000000
5929592803955.000000,560.000000
5929593811036.000000,528.000000
5929594848634.000000,544.000000
5929595855715.000000,528.000000
5929596862795.000000,272.000000
5929597900394.000000,384.000000
5929598907474.000000,544.000000
5929599945073.000000,336.000000
5929600952153.000000,560.000000
5929601959234.000000,432.000000
5929602996832.000000,240.000000
5929604003913.000000,368.000000
5929605010993.000000,304.000000
5929606048592.000000,352.000000
5929607055672.000000,208.000000
5929608093271.000000,288.000000
5929609100351.000000,512.000000
5929610107432.000000,400.000000
5929620025647.000000,272.000000
5929621063245.000000,272.000000
5929622070312.000000,496.000000
5929623107911.000000,336.000000
5929624114991.000000,464.000000
5929625122072.000000,416.000000
5929626159670.000000,416.000000
5929627166751.000000,208.000000
5929628204349.000000,512.000000
5929629211430.000000,304.000000
5929630218510.000000,336.000000
5929631256109.000000,432.000000
5929632263189.000000,464.000000
5929633270270.000000,464.000000
5929634307868.000000,304.000000
5929635314949.000000,544.000000
5929636352547.000000,352.000000
5929637359628.000000,528.000000
5929638366708.000000,448.000000
5929639404307.000000,320.000000
5929640411387.000000,576.000000
5929641418468.000000,208.000000
5929642456066.000000,512.000000
5929643463147.000000,384.000000
5929644500745.000000,432.000000
5929645507812.000000,320.000000
5929646545411.000000,256.000000
5929647552491.000000,176.000000
5929648590090.000000,464.000000
5929649597170.000000,288.000000
5929650604251.000000,416.000000
5929651641849.000000,160.000000
5929652648930.000000,384.000000
5929653686528.000000,368.000000
5929654693609.000000,448.000000
5929655700689.000000,256.000000
5929656738288.000000,464.000000
5929657745368.000000,432.000000
5929658752449.000000,304.000000
5929659790047.000000,160.000000
5929660797128.000000,416.000000
5929661834726.000000,448.000000
5929662841807.000000,352.000000
5929663848887.000000,176.000000
5929664886486.000000,384.000000
5929665893566.000000,192.000000
5929666900647.000000,272.000000
5929667938245.000000,256.000000
5929668975830.000000,320.000000
5929669982911.000000,256.000000
5929670989991.000000,160.000000
5929672027590.000000,224.000000
5929673034670.000000,256.000000
5929674072269.000000,176.000000
5929675079349.000000,432.000000
5929676086430.000000,512.000000
5929677124028.000000,464.000000
5929678131109.000000,416.000000
5929679168707.000000,256.000000
5929680175788.000000,400.000000
5929681182868.000000,176.000000
5929682220467.000000,384.000000
5929683227547.000000,464.000000
5929684234628.000000,368.000000
5929685272226.000000,208.000000
5929686279307.000000,304.000000
5929687316905.000000,336.000000
5929688323986.000000,160.000000
5929689331066.000000,224.000000
5929690368665.000000,208.000000
5929691375745.000000,160.000000
5929692413330.000000,320.000000
5929693420411.000000,384.000000
5929694458009.000000,352.000000
5929695465090.000000,112.000000
5929696472170.000000,288.000000
5929697509769.000000,224.000000
5929698516849.000000,256.000000
5929699523930.000000,96.000000
5929700561528.000000,160.000000
5929701568609.000000,432.000000
5929702575689.000000,224.000000
5929703613288.000000,256.000000
5929704620368.000000,432.000000
5929705657967.000000,336.000000
5929706665047.000000,352.000000
5929707672128.000000,96.000000
5929708709726.000000,352.000000
5929709716807.000000,272.000000
5929710723887.000000,224.000000
5929711761486.000000,352.000000
5929712768566.000000,352.000000
5929713775647.000000,224.000000
5929714813245.000000,160.000000
5929715850830.000000,96.000000
5929716857911.000000,256.000000
5929717864991.000000,336.000000
5929718902590.000000,352.000000
5929719909670.000000,256.000000
5929720916751.000000,304.000000
5929721954349.000000,224.000000
5929722961430.000000,224.000000
5929723999028.000000,416.000000
5929725006109.000000,336.000000
5929726013189.000000,320.000000
5929727050788.000000,256.000000
5929728057868.000000,96.000000
5929729064949.000000,288.000000
5929730102547.000000,416.000000
5929731109628.000000,400.000000
5929732147226.000000,160.000000
5929733154307.000000,384.000000
5929734161387.000000,368.000000
5929735198986.000000,384.000000
5929736206066.000000,224.000000
5929737213147.000000,112.000000
5929738250745.000000,128.000000
5929739288330.000000,256.000000
5929740295411.000000,80.000000
5929741302491.000000,256.000000
5929742340090.000000,128.000000
5929743347170.000000,304.000000
5929744354251.000000,336.000000
5929745391849.000000,336.000000
5929746398930.000000,176.000000
5929747436528.000000,224.000000
5929748443609.000000,384.000000
5929749450689.000000,128.000000
5929750488288.000000,304.000000
5929751495368.000000,80.000000
5929752502449.000000,144.000000
5929753540047.000000,256.000000
5929754547128.000000,336.000000
5929755554208.000000,384.000000
5929756591807.000000,336.000000
5929757598887.000000,160.000000
5929758636486.000000,80.000000
5929759643566.000000,352.000000
5929760650647.000000,192.000000
5929761688245.000000,112.000000
5929762695312.000000,432.000000
5929763732911.000000,160.000000
5929764739991.000000,272.000000
5929765747072.000000,368.000000
5929766784670.000000,224.000000
5929767791751.000000,224.000000
5929768798831.000000,224.000000
5929769836430.000000,304.000000
5929770843510.000000,336.000000
5929771881109.000000,352.000000
5929772888189.000000,176.000000
5929773895270.000000,288.000000
5929774932868.000000,384.000000
5929775939949.000000,208.000000
5929776947029.000000,384.000000
5929777984628.000000,96.000000
5929778991708.000000,256.000000
5929779998789.000000,368.000000
5929781036387.000000,304.000000
5929782043468.000000,208.000000
5929783050548.000000,128.000000
5929784088147.000000,160.000000
5929785095227.000000,160.000000
5929786132812.000000,368.000000
5929787139893.000000,208.000000
5929788177491.000000,160.000000
5929789184572.000000,352.000000
5929790191652.000000,352.000000
5929791229251.000000,160.000000
5929792236331.000000,336.000000
5929793243412.000000,32.000000
5929794281010.000000,336.000000
5929795288091.000000,224.000000
5929796325689.000000,80.000000
5929797332770.000000,96.000000
5929798339850.000000,64.000000
5929799377449.000000,144.000000
5929800384529.000000,272.000000
5929801422128.000000,576.000000
5929802429208.000000,144.000000
5929803436289.000000,176.000000
5929804473887.000000,192.000000
5929805480968.000000,224.000000
5929806488048.000000,128.000000
5929807525647.000000,112.000000
5929808532727.000000,176.000000
5929809570312.000000,400.000000
5929810577393.000000,192.000000
5929811614991.000000,192.000000
5929812622072.000000,224.000000
5929813629152.000000,80.000000
5929814666751.000000,64.000000
5929815673831.000000,320.000000
5929816680912.000000,160.000000
5929817718510.000000,160.000000
5929818725591.000000,288.000000
5929819732671.000000,160.000000
5929820770270.000000,256.000000
5929821777350.000000,160.000000
5929822814949.000000,400.000000
5929823822029.000000,224.000000
5929824829110.000000,352.000000
5929825866708.000000,352.000000
5929826873789.000000,48.000000
5929827880869.000000,160.000000
5929828918468.000000,176.000000
5929829925548.000000,320.000000
5929830932629.000000,320.000000
5929831970227.000000,0.000000
5929833007812.000000,144.000000
5929834014893.000000,48.000000
5929835021973.000000,416.000000
5929836059572.000000,128.000000
5929837066652.000000,288.000000
5929838073733.000000,160.000000
5929839111331.000000,64.000000
5929840118412.000000,176.000000
5929841156010.000000,384.000000
5929842163091.000000,0.000000
5929843170171.000000,96.000000
5929844207770.000000,224.000000
5929845214850.000000,240.000000
5929846221931.000000,64.000000
5929847259529.000000,48.000000
5929848266610.000000,272.000000
5929849304208.000000,192.000000
5929850311289.000000,304.000000
5929851318369.000000,352.000000
5929852355968.000000,208.000000
5929853363048.000000,256.000000
5929854400647.000000,96.000000
5929855407727.000000,208.000000
5929856445312.000000,352.000000
5929857452393.000000,384.000000
5929858459473.000000,128.000000
5929859497072.000000,16.000000
5929860504152.000000,272.000000
5929861541751.000000,208.000000
5929862548831.000000,336.000000
5929863555912.000000,224.000000
5929864593510.000000,352.000000
5929865600591.000000,48.000000
5929866607671.000000,288.000000
5929867645270.000000,80.000000
5929868652350.000000,64.000000
5929869689949.000000,416.000000
5929870697029.000000,336.000000
5929871704110.000000,32.000000
5929872741708.000000,320.000000
5929873748789.000000,272.000000
5929874755869.000000,416.000000
5929875793468.000000,80.000000
5929876800548.000000,128.000000
5929877838147.000000,192.000000
5929878845227.000000,352.000000
5929879882812.000000,80.000000
5929880889893.000000,80.000000
5929881927491.000000,128.000000
5929882934572.000000,224.000000
5929883941652.000000,336.000000
5929884979251.000000,368.000000
5929885986331.000000,112.000000
5929886993412.000000,176.000000
5929888000492.000000,288.000000
5929889038091.000000,160.000000
5929890045171.000000,240.000000
5929891082770.000000,336.000000
5929892089850.000000,112.000000
5929893096931.000000,32.000000
5929894134529.000000,240.000000
5929895141610.000000,32.000000
5929896148690.000000,80.000000
5929897186289.000000,160.000000
5929898193369.000000,48.000000
5929899200450.000000,240.000000
5929900238048.000000,400.000000
5929901245129.000000,176.000000
5929902282727.000000,304.000000
5929903289808.000000,384.000000
5929904327393.000000,48.000000
5929905334473.000000,304.000000
5929906372072.000000,208.000000
5929907379152.000000,352.000000
5929908386233.000000,144.000000
5929909423831.000000,112.000000
5929910430912.000000,224.000000
5929911437992.000000,352.000000
5929912475591.000000,176.000000
5929913482671.000000,272.000000
5929914489752.000000,96.000000
5929915527350.000000,352.000000
5929916534431.000000,320.000000
5929917541511.000000,176.000000
5929918579110.000000,0.000000
5929919586190.000000,32.000000
5929920623789.000000,64.000000
5929921630869.000000,144.000000
5929922637950.000000,160.000000
5929923675548.000000,320.000000
5929924682629.000000,304.000000
5929925689709.000000,272.000000
5929926727308.000000,240.000000
5929927764893.000000,240.000000
5929928771973.000000,192.000000
5929929779054.000000,288.000000
5929930816652.000000,208.000000
5929931823733.000000,352.000000
5929932830813.000000,352.000000
5929933868412.000000,128.000000
5929934875492.000000,0.000000
5929935882573.000000,192.000000
5929936920171.000000,48.000000
5929937927252.000000,128.000000
5929938934332.000000,256.000000
5929939971931.000000,240.000000
5929940979011.000000,352.000000
5929942016610.000000,64.000000
5929943023690.000000,160.000000
5929944030771.000000,288.000000
5929945037851.000000,16.000000
5929946075450.000000,240.000000
5929947082530.000000,192.000000
5929948120129.000000,240.000000
5929949127209.000000,176.000000
5929950134290.000000,16.000000
5929951171875.000000,80.000000
5929952209473.000000,304.000000
5929953216554.000000,32.000000
5929954223634.000000,288.000000
5929955261233.000000,128.000000
5929956268313.000000,96.000000
5929957275394.000000,144.000000
5929958312992.000000,384.000000
5929959320073.000000,288.000000
5929960327153.000000,352.000000
5929961364752.000000,48.000000
5929962371832.000000,272.000000
5929963378913.000000,64.000000
5929964416511.000000,336.000000
5929965423592.000000,288.000000
5929966461190.000000,112.000000
